{
  "identity": {
    "name": "AfroBuy",
    "description": "A vibrant, mobile-first marketplace for Burkina Faso that blends the energy of a physical African market with modern e-commerce reliability.",
    "persona": "The Digital Griot",
    "tone": "Energetic, Trustworthy, Community-Focused, Warm",
    "keywords": ["Vibrant", "Local", "Accessible", "Community", "Fresh"]
  },
  "typography": {
    "primary_font": "Outfit",
    "secondary_font": "Plus Jakarta Sans",
    "accent_font": "Caveat",
    "import_url": "https://fonts.googleapis.com/css2?family=Caveat:wght@400..700&family=Outfit:wght@300..900&family=Plus+Jakarta+Sans:ital,wght@0,200..800;1,200..800&display=swap",
    "scale": {
      "h1": "text-4xl md:text-5xl lg:text-6xl font-bold tracking-tight",
      "h2": "text-3xl md:text-4xl font-semibold tracking-tight",
      "h3": "text-2xl md:text-3xl font-semibold",
      "body": "text-base md:text-lg leading-relaxed text-muted-foreground",
      "caption": "text-sm text-muted-foreground tracking-wide uppercase",
      "price": "text-xl md:text-2xl font-bold text-primary"
    }
  },
  "colors": {
    "palette": {
      "primary": {
        "DEFAULT": "#006B3F",
        "foreground": "#FFFFFF",
        "50": "#E6F3ED",
        "100": "#CCE7DB",
        "500": "#006B3F",
        "900": "#002B19"
      },
      "secondary": {
        "DEFAULT": "#E84D0E",
        "foreground": "#FFFFFF",
        "50": "#FDEDE7",
        "100": "#FBDBCF",
        "500": "#E84D0E",
        "900": "#5D1F06"
      },
      "accent": {
        "DEFAULT": "#FCD116",
        "foreground": "#1A1A1A"
      },
      "background": "#F9F7F1",
      "foreground": "#1A1A1A",
      "card": "#FFFFFF",
      "card_foreground": "#1A1A1A",
      "muted": "#F2F0E9",
      "muted_foreground": "#646464",
      "border": "#E5E3DC"
    },
    "gradients": {
      "hero": "bg-gradient-to-br from-[#F9F7F1] via-[#E6F3ED] to-[#F9F7F1]",
      "action": "bg-gradient-to-r from-[#E84D0E] to-[#FF7A45]"
    },
    "rules": [
      "Use Primary Green for structural elements, headers, and trust signals.",
      "Use Secondary Orange for CTAs (Buttons) and urgent notifications.",
      "Use Accent Yellow for ratings (stars), 'New' badges, and highlights.",
      "Background should be Warm Bone (#F9F7F1), rarely pure white.",
      "Never use gradients for text.",
      "Ensure text contrast ratio > 4.5:1."
    ]
  },
  "layout": {
    "spacing": {
      "container": "container mx-auto px-4 md:px-6 lg:px-8 max-w-7xl",
      "section_padding": "py-12 md:py-20 lg:py-24",
      "card_padding": "p-6 md:p-8"
    },
    "grid_system": {
      "marketing": "grid grid-cols-1 md:grid-cols-12 gap-6 md:gap-12",
      "product_list": "grid grid-cols-2 md:grid-cols-3 lg:grid-cols-4 gap-4 md:gap-8",
      "dashboard": "grid grid-cols-1 md:grid-cols-4 lg:grid-cols-5 gap-6"
    },
    "border_radius": {
      "default": "rounded-2xl",
      "button": "rounded-full",
      "card": "rounded-2xl md:rounded-3xl"
    }
  },
  "components": {
    "buttons": {
      "primary": "bg-secondary hover:bg-secondary/90 text-white rounded-full px-8 py-6 font-semibold shadow-lg hover:shadow-xl transition-all active:scale-95",
      "outline": "border-2 border-primary text-primary hover:bg-primary/5 rounded-full px-8 py-6 font-semibold transition-all",
      "ghost": "text-primary hover:bg-primary/5 rounded-lg px-4 py-2 font-medium"
    },
    "cards": {
      "product": "bg-white rounded-2xl overflow-hidden hover:shadow-xl transition-shadow duration-300 border border-transparent hover:border-border/50 group",
      "feature": "bg-muted/50 rounded-3xl p-8 hover:bg-white hover:shadow-lg transition-all duration-300"
    },
    "inputs": {
      "default": "h-12 rounded-xl border-2 border-input focus:border-primary focus:ring-4 focus:ring-primary/10 bg-white transition-all"
    }
  },
  "visual_enhancers": {
    "textures": [
      "Use subtle noise overlay on backgrounds to reduce digital flatness.",
      "Use organic blobs in background (opacity 5%) to break rigidity."
    ],
    "shadows": {
      "soft": "shadow-[0_8px_30px_rgb(0,0,0,0.04)]",
      "hover": "shadow-[0_8px_30px_rgb(0,0,0,0.12)]"
    }
  },
  "images": {
    "hero": "https://images.unsplash.com/photo-1749938505996-93a421dd09c0?crop=entropy&cs=srgb&fm=jpg&ixid=M3w3NTY2Njd8MHwxfHNlYXJjaHwzfHxhZnJpY2FuJTIwbWFya2V0JTIwYnVzdGxpbmclMjBjb2xvcmZ1bCUyMHNjZW5lfGVufDB8fHx8MTc2OTk5NTg5OHww&ixlib=rb-4.1.0&q=85",
    "market_scene_1": "https://images.unsplash.com/photo-1717065165653-bb853b7e6e7e?crop=entropy&cs=srgb&fm=jpg&ixid=M3w3NTY2Njd8MHwxfHNlYXJjaHwyfHxhZnJpY2FuJTIwbWFya2V0JTIwYnVzdGxpbmclMjBjb2xvcmZ1bCUyMHNjZW5lfGVufDB8fHx8MTc2OTk5NTg5OHww&ixlib=rb-4.1.0&q=85",
    "market_scene_2": "https://images.unsplash.com/photo-1746171114403-f4c4877b1f04?crop=entropy&cs=srgb&fm=jpg&ixid=M3w3NTY2Njd8MHwxfHNlYXJjaHwxfHxhZnJpY2FuJTIwbWFya2V0JTIwYnVzdGxpbmclMjBjb2xvcmZ1bCUyMHNjZW5lfGVufDB8fHx8MTc2OTk5NTg5OHww&ixlib=rb-4.1.0&q=85",
    "fabrics": [
      "https://images.unsplash.com/photo-1748102370945-b6cacc03cc04?crop=entropy&cs=srgb&fm=jpg&ixid=M3w4NjAzMzl8MHwxfHNlYXJjaHwzfHxhZnJpY2FuJTIwZmFicmljJTIwdGV4dGlsZXMlMjBwYXR0ZXJucyUyMGNvbG9yZnVsfGVufDB8fHx8MTc2OTk5NTg5OXww&ixlib=rb-4.1.0&q=85",
      "https://images.unsplash.com/photo-1768212565426-58b089b6386d?crop=entropy&cs=srgb&fm=jpg&ixid=M3w4NjAzMzl8MHwxfHNlYXJjaHwxfHxhZnJpY2FuJTIwZmFicmljJTIwdGV4dGlsZXMlMjBwYXR0ZXJucyUyMGNvbG9yZnVsfGVufDB8fHx8MTc2OTk5NTg5OXww&ixlib=rb-4.1.0&q=85"
    ],
    "produce": [
      "https://images.unsplash.com/photo-1519355357922-1dfb572ee127?crop=entropy&cs=srgb&fm=jpg&ixid=M3w3NTY2NzF8MHwxfHNlYXJjaHwxfHxiYXNrZXQlMjBvZiUyMGZyZXNoJTIwbWFuZ29lcyUyMGFuZCUyMHZlZ2V0YWJsZXN8ZW58MHx8fHwxNzY5OTk1OTExfDA&ixlib=rb-4.1.0&q=85",
      "https://images.unsplash.com/photo-1519097000072-e44ffa116485?crop=entropy&cs=srgb&fm=jpg&ixid=M3w3NTY2NzF8MHwxfHNlYXJjaHwzfHxiYXNrZXQlMjBvZiUyMGZyZXNoJTIwbWFuZ29lcyUyMGFuZCUyMHZlZ2V0YWJsZXN8ZW58MHx8fHwxNzY5OTk1OTExfDA&ixlib=rb-4.1.0&q=85"
    ],
    "crafts": [
      "https://images.unsplash.com/photo-1748834670969-c26fa6aa5b02?crop=entropy&cs=srgb&fm=jpg&ixid=M3w3NTY2NzR8MHwxfHNlYXJjaHwxfHxtb2Rlcm4lMjBhZnJpY2FuJTIwcG90dGVyeSUyMGNyYWZ0c3xlbnwwfHx8fDE3Njk5OTU5MTJ8MA&ixlib=rb-4.1.0&q=85",
      "https://images.unsplash.com/photo-1633112046092-a161d99563d1?crop=entropy&cs=srgb&fm=jpg&ixid=M3w3NTY2NzR8MHwxfHNlYXJjaHwyfHxtb2Rlcm4lMjBhZnJpY2FuJTIwcG90dGVyeSUyMGNyYWZ0c3xlbnwwfHx8fDE3Njk5OTU5MTJ8MA&ixlib=rb-4.1.0&q=85"
    ],
    "electronics": [
      "https://images.unsplash.com/photo-1625461291092-13d0c45608b3?crop=entropy&cs=srgb&fm=jpg&ixid=M3w3NDQ2MzR8MHwxfHNlYXJjaHwzfHxsYXB0b3AlMjBhbmQlMjBlbGVjdHJvbmljcyUyMG9uJTIwdGFibGV8ZW58MHx8fHwxNzY5OTk1OTEzfDA&ixlib=rb-4.1.0&q=85"
    ],
    "people": [
      "https://images.unsplash.com/photo-1642165835095-528b68f00663?crop=entropy&cs=srgb&fm=jpg&ixid=M3w4NjAzMzl8MHwxfHNlYXJjaHwxfHxhZnJpY2FuJTIwaGFwcHklMjBwZXJzb24lMjBwb3J0cmFpdCUyMHVzaW5nJTIwcGhvbmV8ZW58MHx8fHwxNzY5OTk1OTEyfDA&ixlib=rb-4.1.0&q=85",
      "https://images.unsplash.com/photo-1680878903102-92692799ef36?crop=entropy&cs=srgb&fm=jpg&ixid=M3w4NjAzMzl8MHwxfHNlYXJjaHwzfHxhZnJpY2FuJTIwaGFwcHklMjBwZXJzb24lMjBwb3J0cmFpdCUyMHVzaW5nJTIwcGhvbmV8ZW58MHx8fHwxNzY5OTk1OTEyfDA&ixlib=rb-4.1.0&q=85"
    ]
  },
  "instructions_to_main_agent": [
    "1. SETUP: Update tailwind.config.js immediately with the new color palette and fonts. Do NOT use default shadcn colors.",
    "2. THEME: Force Light Mode. The market is about daylight and vibrancy.",
    "3. MOBILE: Focus on the mobile experience. Horizontal scroll snaps for categories. Touch-friendly targets.",
    "4. LANGUAGE: Ensure all copy is in FRENCH.",
    "5. AUTH: Use the people images on the left side of the Auth pages. Make it welcoming.",
    "6. LISTINGS: Use the Masonry/Bento layout for products on the homepage. Don't just do a boring grid.",
    "7. DASHBOARD: Keep it clean but use the Primary Green for the sidebar/header. Don't make it sterile grey."
  ],
  "universal_guidelines": [
    "Dark colors look good when used independently without gradients. DO NOT use dark colors as gradients",
    "Don't make generic centered layouts, simplistic gradients, and uniform styling.",
    "Create depth through layered design elements with z-index hierarchy",
    "Use glass-morphism effects with backdrop filters (12-24px blur)",
    "You MUST NOT apply universal transition. Eg: transition: all.",
    "You MUST NOT center align the app container.",
    "NEVER use AI assistant Emoji characters like 🤖 etc.",
    "Every interaction needs micro-animations.",
    "Use 2-3x more spacing than feels comfortable.",
    "Use sonner for toasts.",
    "Components MUST use named exports.",
    "Pages MUST use default exports."
  ],
  "accessibility": {
    "contrast": "Ensure text contrast ratio > 4.5:1 against backgrounds.",
    "focus_states": "Visible focus ring (border-2 border-primary) for keyboard navigation.",
    "touch_targets": "Minimum 44x44px for all interactive elements."
  }
}
